,Betweenness Centrality,Closeness Centrality,Clustering Coefficient,Component ID,Degree,Eccentricity,Ego Network,Eigenvector Centrality,Harmonic Closeness Centrality,In-Degree,Modularity Class,Out-Degree,PageRank,Strongly-Connected ID,Weighted Degree,Weighted In-Degree,Weighted Out-Degree,b,dedicator,g,label,lang-af,lang-ar,lang-ast,lang-az,lang-be,lang-be-tarask,lang-bg,lang-bs,lang-ca,lang-ckb,lang-cs,lang-da,lang-de,lang-el,lang-en,lang-eo,lang-es,lang-et,lang-eu,lang-fa,lang-fi,lang-fr,lang-gl,lang-he,lang-hr,lang-hu,lang-hy,lang-ia,lang-id,lang-io,lang-is,lang-it,lang-ja,lang-jv,lang-ka,lang-kk,lang-ko,lang-ku,lang-la,lang-li,lang-lt,lang-lv,lang-mk,lang-ml,lang-nl,lang-nn,lang-no,lang-oc,lang-pa,lang-pl,lang-pt,lang-ro,lang-ru,lang-sco,lang-sh,lang-simple,lang-sk,lang-sl,lang-sr,lang-sv,lang-sw,lang-ta,lang-th,lang-tl,lang-tr,lang-uk,lang-vi,lang-yo,lang-zh,r,size,wiki degree,x,y
Q1138608,0.0,0.0,0.5,0,4,0.0,0,0.02357759869276043,0.0,4,0,0,0.00033508350392638046,1547,7.0,7.0,0.0,255,1,137,Serge Leclaire,0,0,0,0,0,0,0,0,0,0,0,0,0,0,1,0,0,0,0,0,0,1,0,0,0,0,0,0,0,0,0,0,0,0,0,0,0,0,0,0,0,0,0,0,0,0,0,0,0,0,1,0,0,0,0,0,0,0,0,0,0,0,0,0,0,0,0,0,0,223,64.0,3,554.7518,-255.13815
Q1333153,0.0003200572645111414,0.35740658691478366,0.10931174457073212,0,47,5.0,1,0.10862948372489319,0.3738705234159875,25,0,22,0.001053071543684918,2038,366.0,132.0,234.0,255,1,137,Philippe Lacoue-Labarthe,0,0,0,0,0,0,1,0,0,0,0,0,1,0,1,0,1,0,0,1,1,1,1,0,0,0,0,0,0,0,0,1,1,0,0,0,0,0,0,0,0,0,0,0,0,0,0,0,0,1,0,0,1,0,0,0,0,0,0,0,0,0,0,0,1,0,0,0,0,223,64.0,13,-42.241333,1562.1135
Q1361994,0.0,0.0,0.0,0,3,0.0,0,0.015544916186937997,0.0,3,0,0,0.00032209827072000814,1532,16.0,16.0,0.0,255,1,137,Michaël Levinas,0,0,0,0,0,0,0,0,0,0,0,0,1,0,1,0,0,0,0,0,0,1,0,0,0,0,0,0,0,0,0,0,1,0,0,0,0,0,0,0,0,0,0,0,0,0,0,0,0,1,0,0,1,0,0,0,0,0,0,0,0,0,0,0,0,1,0,0,0,223,64.0,7,-316.52658,1461.7593
Q1523584,0.0,0.0,0.5,0,2,0.0,0,0.004745930215698739,0.0,2,6,0,0.0003027428807695736,723,8.0,8.0,0.0,255,1,196,M. H. Abrams,0,0,0,0,0,0,1,0,0,0,0,0,0,0,1,0,0,0,0,1,0,0,0,0,0,0,0,0,0,0,0,0,0,0,0,0,0,0,0,0,0,0,0,0,0,0,0,0,0,1,0,0,1,0,0,0,0,0,0,0,0,0,0,0,0,0,0,0,0,0,64.0,5,-1295.5957,1943.3562
Q153034,0.004705919496234549,0.3940726266080443,0.040846750140190125,0,159,5.0,1,0.26331200439775104,0.4234435261708112,81,0,78,0.003031896700525857,2038,942.0,448.0,494.0,255,1,137,Emmanuel Levinas,0,1,0,0,0,0,1,0,1,0,1,1,1,1,1,1,1,0,1,1,1,1,1,1,0,1,0,0,1,0,0,1,1,0,0,0,1,0,1,0,0,1,0,0,1,1,1,0,0,1,1,1,1,0,1,0,1,1,1,1,0,0,0,1,1,1,0,1,1,223,64.0,40,153.11514,1387.7573
Q156268,0.0035470121953903285,0.3927933776984256,0.03314702585339546,0,132,5.0,1,0.1907271502201149,0.4224724517906475,51,1,81,0.00173589757511308,2038,765.0,190.0,575.0,0,1,192,Pierre Bourdie,0,0,1,1,0,0,1,0,1,0,1,1,1,1,1,1,1,1,1,1,1,1,0,1,0,1,1,0,1,0,1,1,1,0,0,0,0,0,0,0,0,0,0,0,1,0,1,0,0,1,1,1,1,1,0,0,0,1,1,1,0,0,0,0,1,1,1,1,1,115,64.0,38,496.98715,284.30988
Q157303,0.0,0.0,0.0,0,7,0.0,0,0.014093967662459413,0.0,7,4,0,0.00034147797001333205,778,15.0,15.0,0.0,255,1,89,Georges Perec,0,0,0,0,0,0,0,0,0,0,0,0,1,0,1,0,1,0,0,0,0,1,0,0,0,0,0,0,0,0,0,1,0,0,0,0,0,0,0,0,0,0,0,0,1,0,0,0,0,0,0,0,1,0,0,0,0,0,0,0,0,0,0,0,0,0,0,0,0,76,64.0,7,-1712.7574,325.41583
Q159876,0.0011690821237587959,0.38602647950231295,0.0670970231294632,0,86,5.0,1,0.17232830556218418,0.4098415977961558,41,4,45,0.0014249448403847724,2038,574.0,261.0,313.0,255,1,89,Julia Kristeva,0,0,1,0,0,0,1,0,1,0,1,1,1,1,1,0,1,1,1,1,1,1,1,1,1,0,0,0,1,0,0,1,1,0,1,0,1,0,0,1,0,0,1,1,1,0,1,0,1,1,1,0,1,1,1,0,1,1,0,1,0,0,0,0,1,1,0,0,1,76,64.0,39,-161.49258,1023.5504
Q16194150,0.0,0.34267515923566877,1.0,0,3,5.0,1,0.0,0.3521341043645961,0,0,3,0.00024142417580897478,2337,5.0,0.0,5.0,255,1,137,Gregg Lambert,0,0,0,0,0,0,0,0,0,0,0,0,0,0,1,0,0,0,0,0,0,0,0,0,0,0,0,0,0,0,0,0,0,0,0,0,0,0,0,0,0,0,0,0,0,0,0,0,0,0,0,0,0,0,0,0,0,0,0,0,0,0,0,0,0,0,0,0,0,223,64.0,1,-534.23505,154.25166
Q162597,1.3857808557453814e-05,0.2273367778299671,0.11052631586790085,0,20,6.0,0,0.08790017573574348,0.23362258953167964,18,4,2,0.0006505542506127216,2038,74.0,72.0,2.0,255,1,89,Henri Lefebvre,0,1,0,0,0,0,0,0,1,0,1,1,1,0,1,1,1,0,0,0,1,1,0,0,0,0,0,0,1,0,0,1,1,0,0,0,0,0,0,0,0,0,0,1,1,0,0,0,0,1,0,0,1,0,0,0,0,0,0,1,0,0,0,0,1,0,0,0,1,76,64.0,20,-550.2554,538.7537
Q1685382,3.8471019002584226e-05,0.3429705215419501,0.06818182021379471,0,15,6.0,1,0.013406660058531887,0.3543526170798979,4,0,11,0.0003073364290561575,2038,24.0,13.0,11.0,255,1,137,Jean Bollack,0,0,0,0,0,0,0,0,0,0,0,0,1,0,1,0,0,0,0,0,0,1,0,0,0,0,0,0,0,0,0,0,0,0,0,0,0,0,0,0,0,0,0,0,0,0,0,0,0,0,0,0,1,0,0,0,0,0,0,0,0,0,0,0,0,0,0,0,0,223,64.0,4,-675.16156,2064.1375
Q170076,0.0,0.0,0.25,0,5,0.0,0,0.01874149137098254,0.0,5,3,0,0.00030713174324540217,1273,12.0,12.0,0.0,255,1,199,Jean Dubuffet,0,0,0,0,0,0,0,0,0,0,1,0,0,0,1,0,0,0,0,0,0,1,0,0,0,0,0,0,0,0,0,1,0,0,0,0,0,0,0,0,0,0,0,0,0,0,0,0,0,0,0,0,0,0,0,0,0,0,0,0,0,0,0,0,0,0,0,0,0,240,64.0,4,-1190.0707,1842.46
Q179109,0.007324049088600535,0.39691651631950137,0.023399828001856804,0,228,5.0,1,0.3691061693038755,0.43208677685951646,109,4,119,0.0037016871521351738,2038,1070.0,564.0,506.0,255,1,89,Roland Barthes,1,1,0,0,1,1,1,0,1,0,1,1,1,1,1,1,1,1,1,1,1,1,1,1,1,1,1,1,1,1,0,1,1,0,1,0,1,0,0,0,1,1,1,1,1,1,1,0,1,1,1,1,1,1,1,0,1,0,1,1,0,0,1,0,1,1,1,0,1,76,64.0,52,-429.56247,777.2805
Q18391,0.0,0.0,0.06666667014360428,0,6,0.0,0,0.013414890684723086,0.0,6,2,0,0.0003710258560553479,1159,11.0,11.0,0.0,132,1,85,Elie Wiesel,0,0,0,0,0,0,0,0,1,0,0,0,1,0,1,0,1,0,0,0,0,1,0,0,0,0,0,0,0,0,0,1,0,0,0,0,0,0,0,0,0,0,0,0,1,0,0,0,0,0,1,0,0,0,0,0,0,0,0,0,0,0,0,0,0,0,0,0,0,255,64.0,8,-826.098,-302.90048
Q184169,0.0044367286159925304,0.40761327269664815,0.04628608375787735,0,179,5.0,1,0.3450516314597295,0.4402479338843063,76,0,103,0.00248088080204077,2038,1615.0,609.0,1006.0,255,1,137,Louis Althusser,0,1,0,0,0,0,1,0,1,0,1,1,1,1,1,1,1,1,1,1,1,1,1,1,0,0,0,1,1,0,0,1,1,1,0,1,1,0,1,0,0,0,0,1,1,0,1,1,1,1,1,0,1,0,1,1,1,1,0,1,1,1,0,0,1,1,0,0,1,223,64.0,43,500.46143,606.63794
Q192066,0.0032219359949385777,0.39375203384315,0.04837314039468765,0,124,5.0,1,0.19929084272056288,0.42081267217632057,59,0,65,0.0021157030739790104,2038,513.0,198.0,315.0,255,1,137,Paul Ricœur,0,1,0,0,0,0,1,0,1,0,1,0,1,1,1,0,1,1,0,1,1,1,1,1,0,1,0,0,1,0,1,1,1,0,0,0,0,0,0,0,0,1,0,0,1,0,1,0,0,1,1,1,1,0,1,0,1,1,0,1,0,0,0,0,1,1,0,1,1,223,64.0,34,609.4336,1713.3706
Q195008,0.0,0.34688618468146026,0.023333333432674408,0,25,6.0,1,0.0,0.3616934929151292,0,6,25,0.00024142417580897478,2352,41.0,0.0,41.0,255,1,196,Emir Rodríguez Monegal,0,0,0,0,0,0,0,0,0,0,0,0,0,0,0,0,1,0,0,0,0,0,0,0,0,0,0,0,0,0,0,0,0,0,0,0,0,0,0,0,0,0,0,0,0,0,0,0,0,0,0,0,0,0,0,0,0,0,0,0,0,0,0,0,0,0,0,0,0,0,64.0,1,-2180.6677,1158.7064
Q2028390,0.00013083056906794098,0.3421945701357466,0.08095238357782364,0,16,6.0,1,0.008068765685158422,0.3537258953168118,4,6,12,0.0003300526776655739,2038,17.0,4.0,13.0,255,1,196,Haroldo de Campos,0,0,0,0,0,0,0,0,0,0,0,0,0,0,0,0,1,0,0,0,0,0,0,0,0,0,0,0,0,0,0,0,0,0,0,0,0,0,0,0,0,0,0,0,0,0,0,0,0,0,1,0,1,0,0,0,0,0,0,0,0,0,0,0,0,0,0,0,0,0,64.0,3,-2431.5327,1400.4976
Q203674,0.0014030321303545891,0.38146279949558637,0.08344155550003052,0,70,5.0,1,0.17053937524478974,0.4060123966942264,21,3,49,0.0008587319088082039,2038,278.0,90.0,188.0,255,1,199,Pierre Klossowski,0,0,0,0,0,0,0,0,0,0,0,0,1,0,1,0,1,0,0,0,0,1,0,0,0,0,1,0,0,0,0,1,1,0,0,0,0,0,0,0,0,0,0,0,0,0,0,0,0,1,0,1,1,0,0,0,0,0,0,0,0,0,0,0,0,1,0,0,0,240,64.0,11,-666.0718,974.0348
Q207720,0.0,0.0,0.0,0,2,0.0,0,0.002329788115370695,0.0,2,6,0,0.0002605467630676493,1520,3.0,3.0,0.0,255,1,196,Mahmoud Darwish,0,0,0,0,0,0,0,0,0,0,0,0,0,0,1,0,0,0,0,0,0,1,0,0,0,0,0,0,0,0,0,0,0,0,0,0,0,0,0,0,0,0,0,0,0,0,0,0,0,0,0,0,0,0,0,0,0,0,0,0,0,0,0,0,0,0,0,0,0,0,64.0,2,-1196.0323,3003.197
Q21192312,0.0,0.0,0.0,0,2,0.0,0,0.006431567305850247,0.0,2,1,0,0.00029002602515290166,1728,3.0,3.0,0.0,0,1,192,Claire Lejeune,0,0,0,0,0,0,0,0,0,0,0,0,0,0,0,0,0,0,0,0,0,1,0,0,0,0,0,0,0,0,0,0,0,0,0,0,0,0,0,0,0,0,0,0,0,0,0,0,0,0,0,0,0,0,0,0,0,0,0,0,0,0,0,0,0,0,0,0,0,115,64.0,1,1814.9097,-477.62994
Q215258,0.00255047737441622,0.36401925391095064,0.0378241129219532,0,102,5.0,1,0.16878350848331175,0.3861639118457425,44,7,58,0.001686691533727149,2038,640.0,223.0,417.0,62,1,70,Richard Rorty,1,1,0,0,0,0,1,0,1,0,1,1,1,0,1,0,1,0,0,1,1,1,0,1,0,0,0,0,1,0,1,1,1,0,0,0,1,0,0,0,0,1,0,1,1,0,0,0,1,1,1,1,1,0,0,0,1,1,0,1,0,0,0,0,1,1,0,0,1,76,64.0,32,1394.133,1425.9048
Q215833,0.0,0.0,0.0,0,2,0.0,0,0.00468562767796563,0.0,2,4,0,0.00030164896951570406,1486,2.0,2.0,0.0,255,1,89,Abraham Joshua Heschel,0,0,0,0,0,0,0,0,0,0,0,0,0,0,1,0,1,0,0,0,0,0,0,0,0,0,0,0,0,0,0,0,0,0,0,0,0,0,0,0,0,0,0,0,0,0,0,0,0,0,0,0,0,0,0,0,0,0,0,0,0,0,0,0,0,0,0,0,0,76,64.0,2,-783.3483,4971.821
Q234964,0.0010039150343436763,0.3728813559322034,0.08704453706741333,0,48,5.0,1,0.09218688312034459,0.39334022038568633,19,0,29,0.0008812690145412405,2038,411.0,106.0,305.0,255,1,137,Hélène Cixous,0,0,0,0,0,0,0,0,1,0,1,0,1,0,1,0,1,0,0,1,1,1,1,1,0,1,0,0,0,0,0,1,1,0,0,0,0,0,0,0,0,0,0,0,0,0,1,0,0,1,1,0,1,0,0,0,0,0,0,1,0,0,0,0,1,1,0,0,0,223,64.0,20,-308.84464,1286.9773
Q2436796,0.0,0.0,0.0,0,3,0.0,0,0.010430818724626744,0.0,3,5,0,0.00030235147850461085,1559,3.0,3.0,0.0,148,1,189,Françoise Collin,0,0,0,0,0,0,0,0,0,0,0,0,0,0,0,0,0,0,0,0,0,1,0,0,0,0,0,0,0,0,0,0,0,0,0,0,0,0,0,0,0,0,0,0,0,0,0,0,0,0,0,0,0,0,0,0,0,0,0,0,0,0,0,0,0,0,0,0,0,0,64.0,1,-1351.7277,2410.6177
Q250136,0.0,0.0,0.15454545617103577,0,11,0.0,0,0.026980749899240503,0.0,11,6,0,0.000427270255292653,1461,23.0,23.0,0.0,255,1,196,Yves Bonnefoy,0,0,0,0,0,0,0,0,0,0,0,0,0,0,1,0,0,0,0,0,0,1,0,0,0,0,0,0,0,0,0,1,0,0,0,0,1,0,0,0,0,0,0,0,0,0,0,0,0,0,0,0,1,0,0,0,0,0,0,0,0,0,0,0,0,0,0,0,0,0,64.0,5,-1494.6798,1946.6473
Q2578313,0.0,0.0,0.0,0,2,0.0,0,0.003908257747205438,0.0,2,0,0,0.0003199511092416938,1546,3.0,3.0,0.0,255,1,137,Léon Chertok,0,0,0,0,0,0,0,0,0,0,0,0,0,0,1,0,0,0,0,0,0,0,0,0,0,0,0,0,0,0,0,0,0,0,0,0,0,0,0,0,0,0,0,0,0,0,0,0,0,0,0,0,1,0,0,0,0,0,0,0,0,0,0,0,0,0,0,0,0,223,64.0,2,-83.60124,2923.1033
Q2645748,0.0,0.0,0.5,0,2,0.0,0,0.005773401279214123,0.0,2,0,0,0.00028314370314254486,420,4.0,4.0,0.0,255,1,137,Paul Roazen,0,0,0,0,0,0,0,0,0,0,0,0,1,0,1,0,0,0,0,0,0,0,0,0,0,0,0,0,0,0,0,0,0,0,0,0,0,0,0,0,0,0,0,0,0,0,0,0,0,0,0,0,0,0,0,0,0,0,0,0,0,0,0,0,0,0,0,0,0,223,64.0,2,949.13184,1135.4717
Q2829942,0.0,0.0,0.0,0,4,0.0,0,0.010519531490540412,0.0,4,4,0,0.00031588656616234566,174,6.0,6.0,0.0,255,1,89,Alain Jouffroy,0,0,0,0,0,0,0,0,0,0,0,0,0,0,0,0,0,0,0,0,0,1,0,0,0,0,0,0,0,0,0,1,0,0,0,0,0,0,0,0,0,0,0,0,0,0,0,0,0,0,0,0,0,0,0,0,0,0,0,0,0,0,0,0,0,0,0,0,0,76,64.0,2,-1885.4299,1739.089
Q2830297,0.0,0.0,0.5,0,2,0.0,0,0.0069138196078627305,0.0,2,6,0,0.0002603252498165861,436,4.0,4.0,0.0,255,1,196,Alain Suied,0,0,0,0,0,0,0,0,0,0,0,0,0,0,0,0,0,0,0,0,0,1,0,0,0,0,0,0,0,0,0,0,0,0,0,0,0,0,0,0,0,0,0,0,0,0,0,0,0,0,0,0,0,0,0,0,0,0,0,0,0,0,0,0,0,0,0,0,0,0,64.0,1,-1509.2152,2425.2722
Q2849841,0.0,0.0,0.5,0,3,0.0,0,0.040121078140202236,0.0,3,3,0,0.0003012560238147337,1824,4.0,4.0,0.0,255,1,199,Angèle Kremer-Marietti,0,0,0,0,0,0,0,0,0,0,0,0,0,0,0,0,0,0,0,0,0,1,0,0,0,0,0,0,0,0,0,0,0,0,0,0,0,0,0,0,0,0,0,0,0,0,0,0,0,0,0,0,0,0,0,0,0,0,0,0,0,0,0,0,0,0,0,0,0,240,64.0,1,1637.6643,-7.837235
Q2977568,0.0,0.0,0.0,0,2,0.0,0,0.012945601321596818,0.0,2,0,0,0.00027089276348801295,1111,6.0,6.0,0.0,255,1,137,Claude Imbert,0,0,0,0,0,0,0,0,0,0,0,0,0,0,0,0,0,0,0,0,0,1,0,0,0,0,0,0,0,0,0,0,0,0,0,0,0,0,0,0,0,0,0,0,0,0,0,0,0,0,0,0,0,0,0,0,0,0,0,0,0,0,0,0,0,0,0,0,0,223,64.0,1,956.1483,402.94907
Q2977737,0.0,0.33770400334774725,0.3333333432674408,0,3,6.0,1,0.0,0.3463307173344431,0,0,3,0.00024142417580897478,2376,4.0,0.0,4.0,255,1,137,Claude Lévesque,0,0,0,0,0,0,0,0,0,0,0,0,0,0,0,0,0,0,0,0,0,1,0,0,0,0,0,0,0,0,0,0,0,0,0,0,0,0,0,0,0,0,0,0,0,0,0,0,0,0,0,0,0,0,0,0,0,0,0,0,0,0,0,0,0,0,0,0,0,223,64.0,1,-1286.5283,1382.5537
Q3022908,0.0,0.0,0.3333333432674408,0,4,0.0,0,0.024785136022619565,0.0,4,4,0,0.0003614630243062948,170,6.0,6.0,0.0,255,1,89,Denis Roche,0,0,0,0,0,0,0,0,0,0,0,0,0,0,0,0,0,0,0,0,0,1,0,0,0,0,0,0,0,0,0,0,0,0,0,0,0,0,0,0,0,0,0,0,0,0,0,0,0,0,0,0,0,0,0,0,0,0,0,0,0,0,0,0,0,0,0,0,0,76,64.0,1,-1646.1567,1879.1099
Q3035238,0.000253264782172775,0.34730195177956374,0.10541310906410217,0,32,5.0,1,0.02345296801784703,0.3612396694214968,6,0,26,0.00045425551017141264,2038,58.0,16.0,42.0,255,1,137,Dominique Janicaud,0,0,0,0,0,0,0,0,0,0,0,0,0,0,1,0,0,0,0,0,0,1,0,0,0,0,0,0,0,0,0,0,0,0,0,0,0,0,0,0,0,0,0,0,0,0,0,0,0,0,0,0,0,0,0,0,0,0,0,0,0,0,0,0,0,0,0,0,0,223,64.0,2,422.3151,2646.2156
Q308021,0.0,0.0,0.0,0,3,0.0,0,0.005234200343160282,0.0,3,4,0,0.00029381440662678334,1174,6.0,6.0,0.0,255,1,89,Abdelwahab Meddeb,0,1,0,0,0,0,0,0,0,0,0,0,0,0,1,0,1,0,0,0,0,1,0,0,0,0,0,0,0,0,0,0,0,0,0,0,0,0,0,0,0,0,0,0,0,0,0,0,0,0,0,0,0,0,0,0,0,0,0,0,0,0,0,0,0,0,0,0,0,76,64.0,4,-500.9602,-549.45917
Q310590,0.0,0.0,0.35555556416511536,0,10,0.0,0,0.0695305823335711,0.0,10,3,0,0.00042217566351509405,9,52.0,52.0,0.0,255,1,199,Georges Dumézil,0,0,0,0,0,0,1,0,0,0,1,1,1,0,1,0,1,0,0,0,0,1,0,1,0,0,0,0,0,0,0,1,1,0,0,0,0,0,0,0,0,0,0,0,1,0,0,0,0,1,0,0,1,0,0,0,0,1,0,1,0,0,0,0,1,0,0,0,0,240,64.0,16,176.37274,326.97214
Q311760,0.00021051654047976573,0.29451137884872824,0.19871795177459717,0,20,6.0,0,0.035862911727117426,0.30795454545454654,11,7,9,0.0005722945509900752,2038,60.0,51.0,9.0,62,1,70,P. F. Strawson,0,0,0,0,0,0,1,0,0,0,1,0,1,0,1,0,1,0,0,0,0,1,1,0,0,0,0,0,1,0,1,0,1,0,0,0,0,0,0,0,0,0,0,0,1,0,0,0,0,1,1,0,0,0,0,0,0,1,0,1,0,0,0,0,1,0,0,0,1,76,64.0,17,2148.6729,1374.8407
Q3124002,0.00016224124338321298,0.3462584060666762,0.20000000298023224,0,21,5.0,1,0.06971219408583523,0.3583126721763174,8,0,13,0.0005429304674884538,2038,72.0,34.0,38.0,255,1,137,Gérard Granel,0,0,0,0,0,0,0,0,0,0,0,0,0,0,1,0,0,0,0,0,0,1,0,0,0,0,0,0,0,0,0,0,0,0,0,0,0,0,0,0,0,0,0,0,0,0,0,0,0,0,0,0,0,0,0,0,0,0,0,0,0,0,0,0,0,0,0,0,0,223,64.0,2,206.25546,1611.0565
Q3157791,0.0,0.0,0.75,0,4,0.0,0,0.024064433204890743,0.0,4,4,0,0.00030886676542671293,476,7.0,7.0,0.0,255,1,89,Jacqueline Risset,0,0,0,0,0,0,0,0,0,0,0,0,0,0,0,0,0,0,0,0,0,1,0,0,0,0,0,0,0,0,0,1,0,0,0,0,0,0,0,0,0,0,0,0,0,0,0,0,0,0,0,0,0,0,0,0,0,0,0,0,0,0,0,0,0,0,0,0,0,76,64.0,2,-1275.7538,1148.1506
Q3167566,0.0,0.0,1.0,0,2,0.0,0,0.005572905150698437,0.0,2,2,0,0.00026424303969296934,1083,2.0,2.0,0.0,132,1,85,Jean-Marie Benoist,0,0,0,0,0,0,0,0,0,0,0,0,0,0,0,0,0,0,0,0,0,1,0,0,0,0,0,0,0,0,0,0,0,0,0,0,0,0,0,0,0,0,0,0,0,0,0,0,0,0,0,0,0,0,0,0,0,0,0,0,0,0,0,0,0,0,0,0,0,255,64.0,1,1743.5659,-1299.8649
Q3167641,0.0,0.0,1.0,0,2,0.0,0,0.037530826838415354,0.0,2,3,0,0.0002828751904387972,1969,3.0,3.0,0.0,255,1,199,Jean-Marie Domenach,0,0,0,0,0,0,0,0,0,0,0,0,0,0,1,0,0,0,0,0,0,1,0,0,0,0,0,0,0,0,0,0,0,0,0,0,0,0,0,0,0,0,0,0,0,0,0,0,0,0,0,0,0,0,0,0,0,0,0,0,0,0,0,0,0,0,0,0,0,240,64.0,2,-247.13678,-484.33142
Q3168467,0.0,0.0,1.0,0,2,0.0,0,0.004885233713327055,0.0,2,2,0,0.00026008655009838506,913,3.0,3.0,0.0,132,1,85,Jean-Paul Dollé,0,0,0,0,0,0,0,0,0,0,0,0,0,0,0,0,0,0,0,0,0,1,0,0,0,0,0,0,0,0,0,0,0,0,0,0,0,0,0,0,0,0,0,0,0,0,0,0,0,0,0,0,0,0,0,0,0,0,0,0,0,0,0,0,0,0,0,0,0,255,64.0,1,483.43826,-1446.0721
Q3170058,0.00020549702515161117,0.3663890991672975,0.12333333492279053,0,31,5.0,1,0.039964313038101856,0.38511019283747794,8,1,23,0.00041374112974059204,2038,52.0,15.0,37.0,0,1,192,Jean-Toussaint Desanti,0,0,0,0,0,0,0,0,0,0,0,0,0,0,1,0,0,0,0,0,0,1,0,0,0,0,0,0,0,0,0,0,0,0,0,0,0,0,0,0,0,0,0,0,1,0,0,0,0,0,0,0,0,0,0,0,0,0,0,0,0,0,0,0,0,0,0,0,0,115,64.0,3,809.044,-382.62445
Q3174310,0.0,0.0,0.25,0,4,0.0,0,0.02153836450925814,0.0,4,4,0,0.00032570546252540917,456,8.0,8.0,0.0,255,1,89,Jean Ricardou,0,0,0,0,0,0,1,0,0,0,0,0,0,0,0,0,0,0,0,0,0,1,0,0,0,0,0,0,0,0,0,0,0,0,0,0,0,0,0,0,0,0,0,0,0,0,0,0,0,0,0,0,0,0,0,0,0,0,0,0,0,0,0,0,0,0,0,0,0,76,64.0,2,-1472.8005,745.54926
Q317880,0.0,0.0,0.05303030461072922,0,12,0.0,0,0.03676701678661627,0.0,12,4,0,0.0005236562373297352,165,21.0,21.0,0.0,255,1,89,Edgar Morin,0,0,0,0,0,0,0,0,0,0,0,0,1,0,1,0,1,0,0,0,0,1,0,0,0,0,0,0,0,0,0,1,1,0,0,0,0,0,0,0,0,0,0,0,0,0,0,0,0,0,0,0,1,0,0,0,0,0,0,0,0,0,0,0,0,0,0,0,0,76,64.0,7,1180.113,400.91998
Q3291694,0.0,0.34389204545454544,0.2380952388048172,0,7,6.0,1,0.0,0.3546950296021015,0,4,7,0.00024142417580897478,2409,7.0,0.0,7.0,255,1,89,Marie-Claire Ropars-Wuilleumier,0,0,0,0,0,0,0,0,0,0,0,0,0,0,0,0,0,0,0,0,0,1,0,0,0,0,0,0,0,0,0,0,0,0,0,0,0,0,0,0,0,0,0,0,0,0,0,0,0,0,0,0,0,0,0,0,0,0,0,0,0,0,0,0,0,0,0,0,0,76,64.0,1,-2093.4485,106.19509
Q3301266,0.0,0.0,0.5,0,4,0.0,0,0.045711164649883104,0.0,4,3,0,0.00032108508456270816,638,5.0,5.0,0.0,255,1,199,Maurice Pinguet,0,0,0,0,0,0,0,0,0,0,0,0,0,0,0,0,0,0,0,0,0,0,0,0,0,0,0,0,0,0,0,0,1,0,0,0,0,0,0,0,0,0,0,0,0,0,0,0,0,0,0,0,0,0,0,0,0,0,0,0,0,0,0,0,0,0,0,0,0,240,64.0,1,-450.97827,-356.70953
Q3302212,0.0,0.335970024979184,0.0714285746216774,0,8,6.0,1,0.0,0.3446785075037938,0,4,8,0.00024142417580897478,2086,16.0,0.0,16.0,255,1,89,Max Loreau,0,0,0,0,0,0,0,0,0,0,0,0,0,0,1,0,0,0,0,0,0,1,0,0,0,0,0,0,0,0,0,0,0,0,0,0,0,0,0,0,0,0,0,0,0,0,0,0,0,0,0,0,0,0,0,0,0,0,0,0,0,0,0,0,0,0,0,0,0,76,64.0,2,-759.08453,2811.0645
Q3309856,0.0,0.0,0.0,0,2,0.0,0,0.0010854844437532048,0.0,2,0,0,0.00033781726044009367,678,2.0,2.0,0.0,255,1,137,Michel Haar,0,0,0,0,0,0,0,0,0,0,0,0,0,0,0,0,0,0,0,0,0,1,0,0,0,0,0,0,0,0,0,0,0,0,0,0,0,0,0,0,0,0,0,0,0,0,0,0,0,0,0,0,0,0,0,0,0,0,0,0,0,0,0,0,0,0,0,0,0,223,64.0,1,909.89233,4163.804
Q3340016,0.0,0.33457763030554405,0.5,0,4,6.0,1,0.004007598112639097,0.3419628099173627,2,0,2,0.0002988596345735593,2038,7.0,3.0,4.0,255,1,137,Nicolas Abraham,0,0,0,0,0,0,0,0,0,0,0,0,0,0,1,0,0,0,0,0,0,1,0,0,0,0,0,0,0,0,0,0,0,0,0,0,0,0,0,0,0,0,0,0,0,0,0,0,0,0,0,0,0,0,0,0,0,0,0,0,0,0,0,0,0,0,0,0,0,223,64.0,2,36.571865,3231.9133
Q3439174,6.045994557605293e-05,0.3453689167974882,0.19696970283985138,0,14,6.0,1,0.014467494747921826,0.3575275482093748,3,0,11,0.0002924515245699335,2038,34.0,8.0,26.0,255,1,137,Roger Laporte,0,0,0,0,0,0,0,0,0,0,0,0,0,0,1,0,0,0,0,0,0,1,0,0,0,0,0,0,0,0,0,0,0,0,0,0,0,0,0,0,0,0,0,0,0,0,0,0,0,0,0,0,0,0,0,0,0,0,0,0,0,0,0,0,0,0,0,0,0,223,64.0,2,-1371.6134,1783.0043
Q3496648,0.0,0.3430636247697322,0.44999998807907104,0,5,5.0,1,0.0,0.3529946303180591,0,0,5,0.00024142417580897478,2385,5.0,0.0,5.0,255,1,137,Stanislas Breton,0,0,0,0,0,0,0,0,0,0,0,0,0,0,0,0,0,0,0,0,0,1,0,0,0,0,0,0,0,0,0,1,0,0,0,0,0,0,0,0,0,0,0,0,0,0,0,0,0,0,0,0,0,0,0,0,0,0,0,0,0,0,0,0,0,0,0,0,0,223,64.0,2,952.26044,1410.7168
Q370389,0.0004339966533979697,0.3585185185185185,0.11500000208616257,0,29,5.0,1,0.07637790391791179,0.37506887052342747,9,0,20,0.0005541698070041955,2038,86.0,22.0,64.0,255,1,137,Louis Marin,0,0,0,0,0,0,0,0,0,0,0,0,1,0,1,0,1,0,0,0,0,1,0,0,0,0,0,0,0,0,0,0,1,0,0,0,0,0,0,0,0,0,0,0,0,0,0,0,0,0,0,0,1,0,0,0,0,0,0,0,0,0,0,0,0,0,0,0,0,223,64.0,6,-185.19907,1674.959
Q382714,2.8949689268003165e-06,0.3349017437032937,0.3333333432674408,0,5,6.0,1,0.005353384370871129,0.3424104683195666,3,0,2,0.0003248388476226911,2038,6.0,4.0,2.0,255,1,137,Anders Olsson,0,0,0,0,0,0,0,0,0,0,0,0,1,0,1,0,0,0,0,0,0,0,0,0,0,0,0,0,0,0,0,0,0,0,0,0,0,0,0,0,0,0,0,0,0,0,0,0,0,0,0,0,0,0,0,0,0,0,0,1,0,0,0,0,0,0,0,0,0,223,64.0,3,-841.11725,3041.2112
Q4132725,0.00014801606921255385,0.33998314133183477,0.18888889253139496,0,14,6.0,1,0.054418190335042894,0.3504683195592362,5,0,9,0.0005732614122106489,2038,71.0,21.0,50.0,255,1,137,J. Hillis Miller,0,0,0,0,0,0,1,0,0,0,1,0,0,0,1,0,0,0,0,0,0,0,0,0,0,0,0,0,0,0,0,0,1,0,0,0,0,0,0,0,0,0,0,0,0,0,0,0,0,0,0,0,0,0,0,0,0,0,0,0,0,0,0,0,0,0,0,0,0,223,64.0,4,-348.38968,1616.1404
Q432730,2.685696055495662e-05,0.35230746833600235,0.31060606241226196,0,13,6.0,1,0.029104247366457173,0.3657851239669522,6,0,7,0.00036607362500327815,2038,29.0,19.0,10.0,255,1,137,Daniel Bensaïd,0,0,0,0,0,0,0,0,1,0,0,0,1,0,1,0,1,0,1,0,0,1,0,0,0,0,0,0,0,0,0,1,0,0,0,0,0,0,0,0,0,0,0,0,0,0,0,0,0,0,1,0,1,0,0,0,0,0,0,0,0,0,0,0,0,0,0,0,0,223,64.0,9,798.85803,1093.8889
Q433741,0.00044170098891710186,0.36761355005316726,0.1349206417798996,0,46,5.0,1,0.15705146735835074,0.38648760330579773,20,1,26,0.0008505495535314595,2038,451.0,206.0,245.0,0,1,192,Georges Canguilhem,0,0,0,0,0,0,1,0,1,0,1,0,1,0,1,0,1,1,1,1,1,1,0,0,0,0,0,0,1,0,0,1,1,0,0,0,0,0,0,0,0,0,0,0,1,0,0,0,0,1,1,0,0,0,0,0,0,1,0,0,0,0,0,0,0,0,0,0,0,115,64.0,18,318.18573,413.84717
Q444866,0.0,0.0,0.0,0,2,0.0,0,0.0012870220989121836,0.0,2,1,0,0.0002536550649287315,860,2.0,2.0,0.0,0,1,192,Viviane Forrester,0,0,0,0,0,0,0,0,0,0,0,0,0,0,0,0,0,0,0,0,0,1,0,0,0,0,0,0,0,0,0,0,0,0,0,0,0,0,0,0,0,0,0,0,0,0,0,0,0,0,0,0,0,0,0,0,0,0,0,0,0,0,0,0,0,0,0,0,0,115,64.0,1,-108.16864,1986.1139
Q448427,0.00035090717663976685,0.35593469627886454,0.17251461744308472,0,23,6.0,1,0.06654104262685386,0.3712534435261819,9,0,14,0.0006474908091214796,2038,120.0,39.0,81.0,255,1,137,Sarah Kofman,0,0,0,0,0,0,0,0,0,0,0,0,1,0,1,0,1,0,0,0,0,1,0,0,0,0,0,0,0,0,0,0,0,0,0,0,0,0,0,0,0,0,0,0,1,0,0,0,0,0,1,0,1,0,0,0,0,0,0,0,0,0,0,0,0,0,0,0,0,223,64.0,7,-119.08244,1220.0399
Q449223,0.0,0.0,0.1666666716337204,0,3,0.0,0,0.008365088479646678,0.0,3,5,0,0.00027703198617228615,1156,4.0,4.0,0.0,148,1,189,Nicole Loraux,0,0,0,0,0,0,0,0,0,0,0,0,1,0,1,0,0,0,0,0,0,1,0,0,0,0,0,0,0,0,0,0,0,0,0,0,0,0,0,0,0,0,0,0,0,0,0,0,0,0,0,0,0,0,0,0,0,0,0,0,0,0,0,0,0,0,0,0,0,0,64.0,3,2075.271,1131.2561
Q462583,0.0,0.0,0.3333333432674408,0,3,0.0,0,0.007767639091857653,0.0,3,6,0,0.00027297392720079485,788,5.0,5.0,0.0,255,1,196,André Pieyre de Mandiargues,0,0,0,0,0,0,0,0,0,0,0,0,0,0,0,0,0,0,0,0,0,1,0,0,0,0,0,0,0,0,0,0,1,0,0,0,0,0,0,0,0,0,0,0,0,0,0,0,0,0,0,0,0,0,0,0,0,0,0,0,0,0,0,0,0,0,0,0,0,0,64.0,2,-2415.4968,962.6238
Q462585,0.0011894460314416284,0.36341793062021327,0.048199769109487534,0,50,6.0,1,0.10808946212850862,0.3841942148760445,12,6,38,0.0005742864935567625,2038,246.0,44.0,202.0,255,1,196,Edmond Jabès,0,1,0,0,0,0,0,0,0,0,0,0,1,0,1,0,1,0,0,0,0,1,0,1,0,0,0,0,0,0,0,1,1,0,0,0,1,0,0,0,0,0,0,0,0,0,0,0,0,0,1,0,1,0,0,0,0,0,0,0,0,0,0,0,0,1,0,0,0,0,64.0,12,-710.61237,1441.5754
Q472206,0.0003622759603413969,0.2927301318495222,0.05533596873283386,0,26,6.0,1,0.06954219132906721,0.3077617079889823,12,0,14,0.0005983794353143054,2038,84.0,36.0,48.0,255,1,137,Jean-Pierre Vernant,0,1,0,0,0,0,1,0,0,0,1,0,1,1,1,0,1,1,0,0,0,1,0,0,0,0,0,0,0,0,0,1,1,0,0,0,0,0,0,0,0,0,0,0,0,0,0,0,0,1,1,0,1,0,0,0,0,0,0,0,0,0,0,0,0,0,0,0,0,223,64.0,14,773.64276,251.72415
Q495300,0.0,0.0,0.0,0,6,0.0,0,0.017718020860499534,0.0,6,5,0,0.00033914710648234457,4,11.0,11.0,0.0,148,1,189,Andrea Zanzotto,0,0,0,0,0,0,0,0,0,0,0,0,0,0,0,0,0,0,0,0,0,0,0,0,0,0,0,0,0,0,0,1,0,0,0,0,0,0,0,0,0,0,0,0,0,0,0,0,0,0,0,0,0,0,0,0,0,0,0,0,0,0,0,0,0,0,0,0,0,0,64.0,1,-1891.6746,2470.6677
Q519188,2.2365799807036e-05,0.3446802449793477,0.20909090340137482,0,12,5.0,1,0.020739258063395532,0.3561019283746645,3,0,9,0.0003122999664463399,2038,13.0,4.0,9.0,255,1,137,André Green,0,0,0,0,0,0,0,0,0,0,1,0,1,0,1,0,0,0,0,0,0,1,0,0,0,0,0,0,0,0,0,0,0,0,0,0,0,0,0,0,0,0,0,0,0,0,0,0,0,0,0,0,0,0,0,0,0,0,0,0,0,0,0,0,0,0,0,0,0,223,64.0,4,1137.2325,-233.63985
Q523621,0.0,0.0,0.10000000149011612,0,6,0.0,0,0.008234821093145838,0.0,6,6,0,0.00038579416455720316,1163,15.0,15.0,0.0,255,1,196,André du Bouchet,0,0,0,0,0,0,0,0,0,0,0,0,1,0,1,0,0,0,0,0,0,1,0,0,0,0,0,0,0,0,0,0,0,0,0,0,0,0,0,0,0,0,0,0,0,0,0,0,0,0,0,0,1,0,0,0,0,0,0,0,0,0,0,0,0,0,0,0,0,0,64.0,4,-1248.9921,2283.7146
Q528804,0.0,0.0,0.0833333358168602,0,4,0.0,0,0.00395511923115074,0.0,4,6,0,0.00032603821431551164,865,6.0,6.0,0.0,255,1,196,Severo Sarduy,0,0,0,0,0,0,0,0,0,0,0,0,0,0,1,0,1,0,0,0,0,1,0,0,0,0,0,0,0,0,0,0,0,0,0,0,0,0,0,0,0,0,0,0,0,0,0,0,0,0,0,0,1,0,0,0,0,0,0,0,0,0,0,0,0,0,0,0,0,0,64.0,4,-2782.4697,976.41437
Q554993,0.0002126001826817172,0.2616499080981728,0.1527777761220932,0,9,6.0,1,0.05449096718773389,0.2679752066115719,5,4,4,0.0004447819837000778,2038,12.0,6.0,6.0,255,1,89,Yosef Hayim Yerushalmi,0,0,0,0,0,0,0,0,0,0,0,0,1,0,1,0,1,0,0,0,0,1,0,1,0,0,0,0,0,0,0,1,0,0,0,0,0,0,0,0,0,0,0,0,0,0,0,0,0,0,0,0,0,0,0,0,0,0,0,0,0,0,0,0,0,0,0,0,0,76,64.0,6,-1003.947,3029.006
Q581018,0.0,0.0,0.1666666716337204,0,4,0.0,0,0.030407885604270348,0.0,4,6,0,0.00030342811288230974,469,11.0,11.0,0.0,255,1,196,Claude Mauriac,0,0,0,0,0,0,0,0,0,0,0,0,0,0,1,0,0,0,0,0,0,1,0,0,0,0,0,0,0,0,0,0,0,0,0,0,0,0,0,0,0,0,0,0,0,0,0,0,0,1,0,0,1,0,0,0,0,0,0,0,0,0,0,0,0,0,0,0,0,0,64.0,4,-1164.2472,628.0416
Q601475,0.0001618644015487597,0.36694465504169826,0.32380953431129456,0,21,5.0,1,0.11864469767484973,0.38415977961433706,8,1,13,0.0005867841245246459,2038,95.0,41.0,54.0,0,1,192,Maurice de Gandillac,0,0,0,0,0,0,0,0,0,0,0,0,1,0,1,0,1,0,0,0,0,1,0,0,0,0,0,0,0,0,0,0,0,0,0,0,0,0,0,0,0,0,0,0,1,0,0,0,0,0,0,0,0,0,0,0,0,0,0,0,0,0,0,0,0,0,0,0,0,115,64.0,5,-32.582397,890.85547
Q602497,0.0,0.0,0.5,0,3,0.0,0,0.004599900476919755,0.0,3,0,0,0.0004258752986421727,1562,6.0,6.0,0.0,255,1,137,Maria Torok,0,0,0,0,0,0,0,0,0,0,0,0,0,0,1,0,0,0,0,0,0,1,0,0,0,0,0,0,0,0,0,0,0,0,0,0,0,0,0,0,0,0,0,0,0,0,0,0,0,0,0,0,0,0,0,0,0,0,0,0,0,0,0,0,0,0,0,0,0,223,64.0,2,-57.846397,3366.669
Q631466,3.566452720310922e-05,0.3644029513627466,0.39743590354919434,0,18,5.0,1,0.051538933548303946,0.38065426997246404,7,0,11,0.00035569613329364724,2038,66.0,38.0,28.0,255,1,137,Benny Lévy,0,0,0,0,0,0,0,0,0,0,0,0,1,0,1,0,0,0,0,0,0,1,0,1,0,0,0,0,0,0,0,1,1,0,0,0,0,0,0,0,0,0,0,0,0,0,0,0,0,1,0,0,0,0,0,0,0,0,0,0,0,0,0,0,0,0,0,0,0,223,64.0,7,-86.57645,209.52618
Q6766958,0.0,0.3355965082444229,0.13333334028720856,0,10,6.0,1,0.0,0.34457060280760465,0,0,10,0.00024142417580897478,2266,12.0,0.0,12.0,255,1,137,Mark C. Taylor,0,0,0,0,0,0,0,0,0,0,0,0,0,0,1,0,0,0,0,0,0,0,0,0,0,0,0,0,0,0,0,0,0,0,0,0,0,0,0,0,0,0,0,0,0,0,0,0,0,0,0,0,0,0,0,0,0,0,0,0,0,0,0,0,0,0,0,0,0,223,64.0,1,875.40424,3138.7307
Q678163,0.0,0.0,0.3333333432674408,0,3,0.0,0,0.032525684352249604,0.0,3,1,0,0.00030001880665991637,1898,8.0,8.0,0.0,0,1,192,Henri Gouhier,0,0,0,0,0,0,0,0,0,0,0,0,0,0,1,0,0,0,0,1,0,1,0,0,0,0,0,0,0,0,0,0,0,0,0,0,0,0,0,0,0,0,0,0,0,0,0,0,0,0,0,0,0,0,0,0,0,0,0,0,0,0,0,0,0,0,0,0,0,115,64.0,3,959.98083,-9.81414
Q6913854,0.0,0.34219081272084806,0.30000001192092896,0,5,5.0,1,0.0,0.35237505163156596,0,0,5,0.00024142417580897478,2321,5.0,0.0,5.0,255,1,137,Morris Philipson,0,0,0,0,0,0,0,0,0,0,0,0,0,0,1,0,0,0,0,0,0,0,0,0,0,0,0,0,0,0,0,0,0,0,0,0,0,0,0,0,0,0,0,0,0,0,0,0,0,0,0,0,0,0,0,0,0,0,0,0,0,0,0,0,0,0,0,0,0,223,64.0,1,-619.41144,2670.2957
Q6964697,0.0,0.3474454649827784,0.6785714030265808,0,8,5.0,1,0.0,0.3595346275643766,0,0,8,0.00024142417580897478,2298,9.0,0.0,9.0,255,1,137,Naomi Schor,0,0,0,0,0,0,0,0,0,0,0,0,0,0,1,0,0,0,0,0,0,0,0,0,0,0,0,0,0,0,0,0,0,0,0,0,0,0,0,0,0,0,0,0,0,0,0,0,0,0,0,0,0,0,0,0,0,0,0,0,0,0,0,0,0,0,0,0,0,223,64.0,1,-969.9704,258.98956
Q712288,0.0,0.3421424533634822,0.8333333134651184,0,4,5.0,1,0.0,0.3518243150213498,0,0,4,0.00024142417580897478,2186,12.0,0.0,12.0,255,1,137,Paulin J. Hountondji,0,0,0,0,0,0,0,0,0,0,0,0,1,0,1,0,1,0,0,0,0,0,0,0,0,0,0,0,0,0,0,0,0,0,0,0,0,0,0,0,0,0,0,0,1,0,0,0,0,0,0,0,0,0,0,0,0,0,0,0,0,0,0,0,0,0,0,0,0,223,64.0,4,974.8822,811.78076
Q7323585,0.0,0.34526015680684247,0.30000001192092896,0,6,5.0,1,0.0,0.356564822460785,0,0,6,0.00024142417580897478,2277,6.0,0.0,6.0,255,1,137,Richard A. Macksey,0,0,0,0,0,0,0,0,0,0,0,0,0,0,1,0,0,0,0,0,0,0,0,0,0,0,0,0,0,0,0,0,0,0,0,0,0,0,0,0,0,0,0,0,0,0,0,0,0,0,0,0,0,0,0,0,0,0,0,0,0,0,0,0,0,0,0,0,0,223,64.0,1,55.64787,-1438.8112
Q733125,0.0,0.0,0.0,0,2,0.0,0,0.0030987476372109275,0.0,2,4,0,0.0002742043921361973,1464,2.0,2.0,0.0,255,1,89,Eugène Guillevic,0,0,0,0,0,0,0,0,0,0,0,0,0,0,0,0,0,0,0,0,0,1,0,0,0,0,0,0,0,0,0,0,0,0,0,0,0,0,0,0,0,0,0,0,0,0,0,0,0,0,0,0,1,0,0,0,0,0,0,0,0,0,0,0,0,0,0,0,0,76,64.0,2,-3155.7502,1683.9293
Q733295,0.0,0.0,0.190476194024086,0,7,0.0,0,0.021625886258728556,0.0,7,6,0,0.000337942563593632,167,18.0,18.0,0.0,255,1,196,Jacques Dupin,0,0,0,0,0,0,0,0,0,0,0,0,1,0,1,0,0,0,0,0,0,1,0,0,0,0,0,0,0,0,0,0,0,0,0,0,0,0,0,0,0,0,0,0,0,0,0,0,0,0,0,0,1,0,0,0,0,0,0,0,0,0,0,0,0,0,0,0,0,0,64.0,4,-1268.0914,2084.9802
Q76357,0.0051216590203601335,0.3804433265209873,0.03135643154382706,0,151,5.0,1,0.25893218606214274,0.41085399449037013,56,5,95,0.0018557594697921587,2038,1297.0,376.0,921.0,148,1,189,Jürgen Habermas,1,1,1,1,1,0,1,1,1,1,1,1,1,1,1,1,1,1,0,1,1,1,1,1,1,1,0,0,1,0,1,1,1,0,0,0,1,1,1,1,1,1,0,1,1,1,1,0,0,1,1,1,1,1,1,1,1,1,1,1,0,0,0,0,1,1,0,1,1,0,64.0,53,1136.4066,1442.0276
Q778757,0.0,0.0,0.5,0,2,0.0,0,0.005010703787341505,0.0,2,0,0,0.0002767948829903356,1095,6.0,6.0,0.0,255,1,137,Roger Munier,0,0,0,0,0,0,0,0,0,0,0,0,0,0,0,0,0,0,0,0,0,1,0,0,0,0,0,0,0,0,0,0,0,0,0,0,0,0,0,0,0,0,0,0,0,0,0,0,0,0,0,0,1,0,0,0,0,0,0,0,0,0,0,0,0,0,0,0,0,223,64.0,2,124.689545,2422.9587
Q956276,0.0,0.0,0.3333333432674408,0,3,0.0,0,0.007525746069426049,0.0,3,4,0,0.0002978344281081846,171,4.0,4.0,0.0,255,1,89,Michel Chaillou,0,0,0,0,0,0,0,0,0,0,0,0,0,0,0,0,0,0,0,0,0,1,0,0,0,0,0,0,0,0,0,0,0,0,0,0,0,0,0,0,0,0,0,0,0,0,0,0,0,0,0,0,0,0,0,0,0,0,0,0,0,0,0,0,0,0,0,0,0,76,64.0,1,-1553.4023,1692.0631
Q982044,0.0,0.34238438693254136,0.20000000298023224,0,5,5.0,1,0.0,0.3526159988985359,0,1,5,0.00024142417580897478,2287,11.0,0.0,11.0,0,1,192,Henry Bauchau,0,0,0,0,0,0,0,0,0,0,0,0,0,0,1,0,0,0,0,0,0,0,0,0,0,0,0,0,0,0,0,1,0,0,0,0,0,0,0,0,0,0,0,0,0,0,0,0,0,0,0,0,1,0,0,0,0,0,0,0,0,0,0,0,0,0,0,0,0,115,64.0,3,-476.58902,1079.2014
Q983648,1.1162568589374339e-05,0.34017430418892325,0.19696970283985138,0,13,5.0,1,0.0254535851731239,0.3495798898071708,7,5,6,0.00040897255706726055,2038,17.0,11.0,6.0,148,1,189,Kostas Axelos,0,0,0,0,0,0,0,0,0,0,0,0,0,1,1,0,1,0,0,0,0,1,0,0,0,0,0,0,0,0,0,0,0,0,0,0,0,0,0,0,0,0,0,0,0,0,0,0,0,0,0,0,0,0,0,0,0,0,0,0,0,0,0,0,0,0,0,0,0,0,64.0,4,617.46454,2471.6558
Q994115,0.0007098339920484452,0.34835180653519504,0.07859848439693451,0,35,6.0,1,0.11733996842513292,0.3622107438016628,19,4,16,0.0007723437827027705,2038,85.0,40.0,45.0,255,1,89,Michel Deguy,0,0,0,0,0,0,0,0,0,0,0,0,1,0,1,0,0,0,0,0,0,1,0,0,1,0,0,0,0,0,0,1,0,0,0,0,0,0,0,0,0,0,0,0,0,0,0,0,0,0,1,0,1,0,0,0,0,0,0,0,0,0,0,0,0,1,0,0,0,76,64.0,8,-999.95435,1861.5713
